threshold,TP,FP,TN,FN,OA,PA,UA,Kappa,F1
-0.1,14,3,23,7,0.7872340425531915,0.6666666666666666,0.8235294117647058,0.5615671641791045,0.7368421052631577
